parentid,objectid,title,object_location,date,date-is-approximate?,creator,recipient,description,item_information,subject,location,latitude,longitude,publisher-digital,source,findingaid,original-identifier,identifier,rights,rightsstatement,type,format,language,relation,display_template,image_small,image_thumb,image_alt_text,
,am250_001,North Carolina in the U.S. Revolution,https://www.ncpedia.org/history/usrevolution/overview,1775-1783,n,"Howard, Joshua",,An article giving an overview of events of the Revolutionary War in North Carolina,encyclopedia article,"North Carolina--History--American Revolutionary War, 1775-1783; United States--History--Revolution, 1775-1783","New Bern, North Carolina; Edenton, North Carolina; Massachusetts; Philadelphia, Pennsylvania; Monmouth, New Jersey; Augusta, Georgia; Savannah, Georgia; Stono Ferry, South Carolina; Charleston, South Carolina; Camden, South Carolina; Wilmington, North Carolina;  Hillsborough, North Carolina ",,,NCpedia,Library of North Carolina,,,,"NCpedia content has been made available by contributors for personal educational use, consistent with provisions of fair use under copyright law. For any other uses, derivatives or republication requests, please contact the individual contributors or publishers.",https://www.ncpedia.org/writing-and-citing-ncpedia-articles,text,text/html,eng,,html,,,Read more about events of the Revolutionary War in North Carolina,65
,am250_002,American Revolution in North Carolina,https://www.ncpedia.org/american-revolution,1775-1783,n,"Davis, David K.; Lamm, Alan K.; Whittenburg, Carolyn Sparks",,A multi-part article about events of the American Revolution in North Carolina,encyclopedia article,"North Carolina--History--American Revolutionary War, 1775-1783; United States--History--Revolution, 1775-1783","Lexington, Massachusetts; Concord, Massachusetts; Mecklenburg County, North Carolina; New Bern, North Carolina; Hillsborough, North Carolina; South Carolina; Pender County, North Carolina; Philadelphia, Pennsylvania; Halifax, North Carolina;  Georgia; Charleston, South Carolina; Camden, South Carolina; Charlotte, North Carolina;  Wilmington, North Carolina;Yorktown, Virginia",,,NCpedia,Library of North Carolina,,,,"NCpedia content has been made available by contributors for personal educational use, consistent with provisions of fair use under copyright law. For any other uses, derivatives or republication requests, please contact the individual contributors or publishers.",https://www.ncpedia.org/writing-and-citing-ncpedia-articles,text,text/html,eng,,html,,,Read more about events of the American Revolution in North Carolina,67
,am250_003,American Revolution Battles in North Caroillna,,,,,,Articles about battles of the Ameridcan Revolution that occurred in North Carolina,,"Battles; North Carolina--History--American Revolutionary War, 1775-1783; United States--History--Revolution, 1775-1783",North Carolina,,,,,,,,,,,,eng,,compound_object,,,Battles of the American Revolution that took place in North Carolina,68
am250_003,am250_004,Battle of Guilford Courthouse,https://www.ncpedia.org/history/usrevolution/guilford-courthouse,1781,n,"Howard, Joshua",,An article about the Battle of Guilford Courthouse in North Carolina,encyclopedia article,"Battles; Guilford Courthouse, Battle of, N.C., 1781; North Carolina--History--American Revolutionary War, 1775-1783; United States--History--Revolution, 1775-1783","Guilford Courthouse, North Carolina",,,NCpedia,Library of North Carolina,,,,"NCpedia content has been made available by contributors for personal educational use, consistent with provisions of fair use under copyright law. For any other uses, derivatives or republication requests, please contact the individual contributors or publishers.",https://www.ncpedia.org/writing-and-citing-ncpedia-articles,text,text/html,eng,,html,,,Read more about the Battle of Guilford Courthouse,49
am250_003,am250_005,Battle of Moores Creek Bridge,https://www.ncpedia.org/battle-moores-creek-bridge-american,1776,n,"Howard, Joshua",,An article about the Battle of Moores Creek Bridge in North Carolina,encyclopedia article,"Battles; Moores Creek Bridge, Battle of, N.C., 1776; North Carolina--History--American Revolutionary War, 1775-1783; United States--History--Revolution, 1775-1783","Wilmington, North Carolina; Fayetteville, North Carolina; Elizabeth Town, North Carolina; Moores Creek Bridge, North Carolina",,,NCpedia,Library of North Carolina,,,,"NCpedia content has been made available by contributors for personal educational use, consistent with provisions of fair use under copyright law. For any other uses, derivatives or republication requests, please contact the individual contributors or publishers.",https://www.ncpedia.org/writing-and-citing-ncpedia-articles,text,text/html,eng,,html,,,Read more about the Battle of Moores Creek Bridge,49
am250_003,am250_006,Battle of Ramsour's Mill,https://www.ncpedia.org/ramsours-mill-battle,1780,n,"Barefoot, Daniel W.",,An article about the Battle of Ramsour's Mill in North Carolina,encyclopedia article,"Battles; North Carolina--History--American Revolutionary War, 1775-1783; Ramsour's Mill, Battle of, N.C., 1780; United States--History--Revolution, 1775-1783","LIncoln County, North Carolina",,,NCpedia,Library of North Carolina,,,,"NCpedia content has been made available by contributors for personal educational use, consistent with provisions of fair use under copyright law. For any other uses, derivatives or republication requests, please contact the individual contributors or publishers.",https://www.ncpedia.org/writing-and-citing-ncpedia-articles,text,text/html,eng,,html,,,Read more about the Battle of Ramsour's Mill,44
am250_003,am250_007,Battle of Wetzell's Mill,https://www.ncpedia.org/wetzells-mill-battle,1781,n,"Hairr, John",,An article about the Battle of Wetzell's Mill in North Carolina,encyclopedia article,"Battles; Guilford County (N.C.)--History; North Carolina--History--American Revolutionary War, 1775-1783; United States--History--Revolution, 1775-1783","Guilford County, North Carolina",,,NCpedia,Library of North Carolina,,,,"NCpedia content has been made available by contributors for personal educational use, consistent with provisions of fair use under copyright law. For any other uses, derivatives or republication requests, please contact the individual contributors or publishers.",https://www.ncpedia.org/writing-and-citing-ncpedia-articles,text,text/html,eng,,html,,,Read more about the Battle of Wetzell's Mill,44
am250_003,am250_008,Battle of Alamance,https://www.ncpedia.org/alamance-battle,1771,n,"Troxler, George W.",,An article about the Battle of Alamance in North Carolina,encyclopedia article,"Alamance Creek, Battle of, N.C., 1771; Battles; North Carolina--History--American Revolutionary War, 1775-1783; United States--History--Revolution, 1775-1783","Alamance County, North Carolina",,,NCpedia,Library of North Carolina,,,,"NCpedia content has been made available by contributors for personal educational use, consistent with provisions of fair use under copyright law. For any other uses, derivatives or republication requests, please contact the individual contributors or publishers.",https://www.ncpedia.org/writing-and-citing-ncpedia-articles,text,text/html,eng,,html,,,Read more about the Battle of Alamance,38
am250_003,am250_009,Battle of Clapp's Mill,https://www.ncpedia.org/clapps-mill-battle,1781,n,"Hill, Michael",,An article about the Battle of Clapp's Mill in North Carolina,encyclopedia article,"Battles; North Carolina--History--American Revolutionary War, 1775-1783; United States--History--Revolution, 1775-1783","Alamance County, North Carolina",,,NCpedia,Library of North Carolina,,,,"NCpedia content has been made available by contributors for personal educational use, consistent with provisions of fair use under copyright law. For any other uses, derivatives or republication requests, please contact the individual contributors or publishers.",https://www.ncpedia.org/writing-and-citing-ncpedia-articles,text,text/html,eng,,html,,,Read more about the Battle of Clapp's Mill,42
am250_003,am250_010,Battle of King's Mountain,https://www.ncpedia.org/kings-mountain-battle,1780,n,"Yancey, Noel",,An article about the Battle of King's Mountain in North Carolina,encyclopedia article,"Battles; Kings Mountain, Battle of, N.C., 1780; North Carolina--History--American Revolutionary War, 1775-1783; United States--History--Revolution, 1775-1783","King's Mountain, North Carolina; Old Fort, North Carolina",,,NCpedia,Library of North Carolina,,,,"NCpedia content has been made available by contributors for personal educational use, consistent with provisions of fair use under copyright law. For any other uses, derivatives or republication requests, please contact the individual contributors or publishers.",https://www.ncpedia.org/writing-and-citing-ncpedia-articles,text,text/html,eng,,html,,,Read more about the Battle of King's Mountain,45
am250_003,am250_011,Battle of Beaufort,https://www.ncpedia.org/beaufort-battle,1782,n,"Branch, Paul, Jr.",,An article about the Battle of Beaufort in North Carolina,encyclopedia article,"Battles; Beaufort (N.C.)--History; North Carolina--History--American Revolutionary War, 1775-1783; United States--History--Revolution, 1775-1783","Beaufort, North Carolina",,,NCpedia,Library of North Carolina,,,,"NCpedia content has been made available by contributors for personal educational use, consistent with provisions of fair use under copyright law. For any other uses, derivatives or republication requests, please contact the individual contributors or publishers.",https://www.ncpedia.org/writing-and-citing-ncpedia-articles,text,text/html,eng,,html,,,Read more about the Battle of Beaufort,45
am250_003,am250_012,Battle of Bettis's Bridge (also called McPhaul's Mill),https://www.ncpedia.org/bettiss-bridge-battle,1781,n,"Butler, Lindley S.; McKinnon, Henry A., Jr.",,An article about the Battle of Bettis's Bridge in North Carolina,encyclopedia article,"Battles; Hoke County (N.C.)--History; North Carolina--History--American Revolutionary War, 1775-1783; United States--History--Revolution, 1775-1783","Hoke County, North Carolina; Scotland County, North Carolina",,,NCpedia,Library of North Carolina,,,,"NCpedia content has been made available by contributors for personal educational use, consistent with provisions of fair use under copyright law. For any other uses, derivatives or republication requests, please contact the individual contributors or publishers.",https://www.ncpedia.org/writing-and-citing-ncpedia-articles,text,text/html,eng,,html,,,Read more about the Battle of Bettis's Bridge,49
am250_003,am250_013,Battle of Bruce's Cross Roads,https://www.ncpedia.org/bruces-cross-roads-battle,1781,n,"Barefoot, Daniel W.",,An article about the Battle of Bruce's Cross Roads in North Carolina,encyclopedia article,"Battles; Bruce Plantation (Guilford County, N.C.); North Carolina--History--American Revolutionary War, 1775-1783; United States--History--Revolution, 1775-1783","Guilford County, North Carolina",,,NCpedia,Library of North Carolina,,,,"NCpedia content has been made available by contributors for personal educational use, consistent with provisions of fair use under copyright law. For any other uses, derivatives or republication requests, please contact the individual contributors or publishers.",https://www.ncpedia.org/writing-and-citing-ncpedia-articles,text,text/html,eng,,html,,,Read more about the Battle of Bruce's Cross Roads,49
am250_003,am250_014,Battle of Wahab's Plantation,https://www.ncpedia.org/wahabs-plantation-battle,1780,n,"Pope, David L.",,An article about the Battle of Wahab's Plantation in North and South Carolina,encyclopedia article,"Battles; Monroe (N.C.)--History; North Carolina--History--American Revolutionary War, 1775-1783; United States--History--Revolution, 1775-1783","Monroe, North Carolina; Lancaster, South Carolina",,,NCpedia,Library of North Carolina,,,,"NCpedia content has been made available by contributors for personal educational use, consistent with provisions of fair use under copyright law. For any other uses, derivatives or republication requests, please contact the individual contributors or publishers.",https://www.ncpedia.org/writing-and-citing-ncpedia-articles,text,text/html,eng,,html,,,Read more about the Battle of Wahab's Plantation,48
am250_003,am250_015,Battle of Charlotte,https://www.ncpedia.org/charlotte-battle,1780,n,"Barefoot, Daniel W.; Norris David A.",,An article about the Battle of Charlotte in North Carolina,encyclopedia article,"Battles; Mecklenburg County (N.C.)--History; North Carolina--History--American Revolutionary War, 1775-1783; United States--History--Revolution, 1775-1783","Charlotte, North Carolina",,,NCpedia,Library of North Carolina,,,,"NCpedia content has been made available by contributors for personal educational use, consistent with provisions of fair use under copyright law. For any other uses, derivatives or republication requests, please contact the individual contributors or publishers.",https://www.ncpedia.org/writing-and-citing-ncpedia-articles,text,text/html,eng,,html,,,Read more about the Battle of Charlotte,39
am250_003,am250_016,Battle of Cowan's Ford,https://www.ncpedia.org/cowans-ford-battle,1781,n,"Cross, Jerry L.",,An article about the Battle of Cowan's Ford in North Carolina,encyclopedia article,"Battles; Cowan's Ford, Battle of, N.C., 1781; North Carolina--History--American Revolutionary War, 1775-1783; United States--History--Revolution, 1775-1783","Mecklenburg County, North Carolina",,,NCpedia,Library of North Carolina,,,,"NCpedia content has been made available by contributors for personal educational use, consistent with provisions of fair use under copyright law. For any other uses, derivatives or republication requests, please contact the individual contributors or publishers.",https://www.ncpedia.org/writing-and-citing-ncpedia-articles,text,text/html,eng,,html,,,Read more about the Battle of Cowan's Ford,42
am250_003,am250_017,Battle of Elizabethtown,https://www.ncpedia.org/elizabethtown-battle,1781,n,"Tetterton, Beverly",,An article about the Battle of Elizabethtown in North Carolina,encyclopedia article,"Battles; Elizabethtown, Battle of, N.C., 1781; North Carolina--History--American Revolutionary War, 1775-1783; United States--History--Revolution, 1775-1783","Elizabethtown, North Carolina",,,NCpedia,Library of North Carolina,,,,"NCpedia content has been made available by contributors for personal educational use, consistent with provisions of fair use under copyright law. For any other uses, derivatives or republication requests, please contact the individual contributors or publishers.",https://www.ncpedia.org/writing-and-citing-ncpedia-articles,text,text/html,eng,,html,,,Read more about the Battle of Elizabethtown,43
am250_003,am250_018,Battle of Lindley's Mill,https://www.ncpedia.org/lindleys-mill-battle,1781,n,"Butler, Lindley S.",,An article about the Battle of Lindley's Mill in North Carolina,encyclopedia article,"Battles; Lindley's Mill, Battle of, N.C., 1781; North Carolina--History--American Revolutionary War, 1775-1783; United States--History--Revolution, 1775-1783","Alamance County, North Carolina",,,NCpedia,Library of North Carolina,,,,"NCpedia content has been made available by contributors for personal educational use, consistent with provisions of fair use under copyright law. For any other uses, derivatives or republication requests, please contact the individual contributors or publishers.",https://www.ncpedia.org/writing-and-citing-ncpedia-articles,text,text/html,eng,,html,,,Read more about the Battle of LIndley's Mill,44
am250_003,am250_019,Battle of McIntyre's Farm,https://www.ncpedia.org/mcintyres-farm-battle,1780,n,"Norris, David A.",,An article about the Battle of McIntyre's Farm in North Carolina,encyclopedia article,"Battles; Mecklenburg County (N.C.)--History; North Carolina--History--American Revolutionary War, 1775-1783; United States--History--Revolution, 1775-1783","Mecklenburg County, North Carolina",,,NCpedia,Library of North Carolina,,,,"NCpedia content has been made available by contributors for personal educational use, consistent with provisions of fair use under copyright law. For any other uses, derivatives or republication requests, please contact the individual contributors or publishers.",https://www.ncpedia.org/writing-and-citing-ncpedia-articles,text,text/html,eng,,html,,,Read more about the Battle of McIntyre's Farm,45
am250_003,am250_020,Battle of New Garden,https://www.ncpedia.org/new-garden-battle,1781,n,"Butler, Lindley S.",,An article about the Battle of New Garden in North Carolina,encyclopedia article,"Battles; North Carolina--History--American Revolutionary War, 1775-1783; United States--History--Revolution, 1775-1783","Mecklenburg County, North Carolina",,,NCpedia,Library of North Carolina,,,,"NCpedia content has been made available by contributors for personal educational use, consistent with provisions of fair use under copyright law. For any other uses, derivatives or republication requests, please contact the individual contributors or publishers.",https://www.ncpedia.org/writing-and-citing-ncpedia-articles,text,text/html,eng,,html,,,Read more about the Battle of New Garden,40
am250_003,am250_021,Battle of Rockfish,https://www.ncpedia.org/rockfish-battle,1781,n,"Tetterton, Beverly",,An article about the Battle of Rockfish in North Carolina,encyclopedia article,"Battles; Duplin County (N.C.)--History; North Carolina--History--American Revolutionary War, 1775-1783; United States--History--Revolution, 1775-1783","Wallace, North Carolina",,,NCpedia,Library of North Carolina,,,,"NCpedia content has been made available by contributors for personal educational use, consistent with provisions of fair use under copyright law. For any other uses, derivatives or republication requests, please contact the individual contributors or publishers.",https://www.ncpedia.org/writing-and-citing-ncpedia-articles,text,text/html,eng,,html,,,Read more about the Battle of Rockfish,38
,am250_022,The Halifax Resolves,https://www.ncpedia.org/history/usrevolution/halifax-resolves,1776,n,,,An article about resolution made in Halifax by North Carolina's Fourth Provincial Congress,encyclopedia article,"Halifax (N.C.)--History; North Carolina--History--American Revolutionary War, 1775-1783; United States--History--Revolution, 1775-1783","Halifax, North Carolina",,,NCpedia,Library of North Carolina,,,,"NCpedia content has been made available by contributors for personal educational use, consistent with provisions of fair use under copyright law. For any other uses, derivatives or republication requests, please contact the individual contributors or publishers.",https://www.ncpedia.org/writing-and-citing-ncpedia-articles,text,text/html,eng,,html,,,Read more about the Halifax Resolves,36
,am250_023,Creed of a Rioter,https://www.ncpedia.org/creed-rioter,1776,n,"Whichard, Willis P.",,"An article about a political essay title ""Creed of a RIoter"" written by James Iredell",encyclopedia article,"North Carolina--History--American Revolutionary War, 1775-1783; United States--History--Revolution, 1775-1783",,,,NCpedia,Library of North Carolina,,,,"NCpedia content has been made available by contributors for personal educational use, consistent with provisions of fair use under copyright law. For any other uses, derivatives or republication requests, please contact the individual contributors or publishers.",https://www.ncpedia.org/writing-and-citing-ncpedia-articles,text,text/html,eng,,html,,,Read more about the political essay titled Creed of a Rioter,60
,am250_024,Edenton Tea Party,https://www.ncpedia.org/edenton-tea-party-0,1774,n,"Wegner, Ansley Herring",,An article about a female led resolution to boycott British imports,encyclopedia article,"Edenton Tea Party, Edenton, NC, 1774; North Carolina--History--American Revolutionary War, 1775-1783; United States--History--Revolution, 1775-1783","Edenton, North Carolina",,,NCpedia,Library of North Carolina,,,,"NCpedia content has been made available by contributors for personal educational use, consistent with provisions of fair use under copyright law. For any other uses, derivatives or republication requests, please contact the individual contributors or publishers.",https://www.ncpedia.org/writing-and-citing-ncpedia-articles,text,text/html,eng,,html,,,Read more about the Edenton Tea Party resolution made by women of the town,74
,am250_025,Committees of Safety,https://www.ncpedia.org/committees-safety,1774-1775,n,"Smith, Carmen Miner",,An article about the Committees of Safety set up in NC during the Revolutionary War,encyclopedia article,"Interim governments; Great Britain--Colonies--America--Administration; Great Britain--Colonies--America--History--18th century; North Carolina--Politics and government--1775-1783;North Carolina--Politics and government--To 1775; North Carolina--History--Revolution, 1775-1783; North Carolina--History--Colonial period, ca. 1600-1775",North Carolina,,,NCpedia,Library of North Carolina,,,,"NCpedia content has been made available by contributors for personal educational use, consistent with provisions of fair use under copyright law. For any other uses, derivatives or republication requests, please contact the individual contributors or publishers.",https://www.ncpedia.org/writing-and-citing-ncpedia-articles,text,text/html,eng,,html,,,Read more about North Carolina's Committees of Safety,53
,am250_026,"Chronicle of North Carolina during the American Revolution, 1763-1789",https://digital.ncdcr.gov/Documents/Detail/chronicle-of-north-carolina-during-the-american-revolution-1763-1789/3690023?item=4671599,1763-1789,n,"Crow, Jeffrey J.",,A brief overview of North Carolina in the American Revolution,booklet,"North Carolina--History--Revolution, 1775-1783--Chronology; United States--History--Revolution, 1775-1783",North Carolina,,,"North Carolina Office of Archives and History, Department of Natural and Cultural Resources",Library of North Carolina,,,,"Users are responsible for determining the legal status of and securing any permissions necessary to distribute, reproduce, or make other use of this item.",https://digital.ncdcr.gov/about#copyright-and-use-restrictions-simple-rich-text-area,text,text/html,eng,,pdf,,,Read more about events in North Carolina during the American Revolution,71
am250_003,am250_027,"Joseph Graham Papers, American Revolution, Battle of Ramsour's Mill",https://digital.ncdcr.gov/Documents/Detail/joseph-graham-papers-american-revolution-battle-of-ramsours-mill/426393?item=426394,1780,n,"Graham, Joseph",,"Papers of General Joseph Graham, an officer during the American War of Independence, state senator, iron manufacturer, and militia commander during the Creek Indian War of 1813-1814",personal papers,"North Carolina--History--Revolution, 1775-1783; United States--History--Revolution, 1775-1783; Cowan's Ford, Battle of, N.C., 1781; Great Britain--Colonies--America--History--18th century; North Carolina--Militia; United States--History--War of 1812; Horseshoe Bend, Battle of, Ala., 1814; Creek War, 1813-1814; African American prisoners; Creek Indians (Muscogees); Creek Indians; Muscogee Nation; North Carolina--History--1775-1865; African Americans","Lincoln County, North Carolina",,,Joseph Graham papers,State Archives of North Carolina,,,,"Users are responsible for determining the legal status of and securing any permissions necessary to distribute, reproduce, or make other use of this item.",https://digital.ncdcr.gov/about#copyright-and-use-restrictions-simple-rich-text-area,text,text/html,eng,,pdf,,,Read a first-hand account of the Battle of Ramsour's Mill,57
,am250_028,"North Carolina's history, culture & customs",https://digital.ncdcr.gov/Documents/Detail/north-carolinas-history-culture-customs./502024?item=633834,1770-1820,y,"North Carolina Learning Institute for FItness & Education, Inc.",,A publication with information ont he history of North Carolina and it's culture and customs,booklet,North Carolina--Social life and customs; North Carolina--History,North Carolina,,,Allosaurus Publishers,Library of North Carolina,,,,"Users are responsible for determining the legal status of and securing any permissions necessary to distribute, reproduce, or make other use of this item.",https://digital.ncdcr.gov/about#copyright-and-use-restrictions-simple-rich-text-area,text,text/html,eng,,pdf,,,Read a chapter of the book focusing on the American Revolution,62
,am250_029,Tar Heel Junior Historian: Early Days of the American Revolution,https://digital.ncdcr.gov/Documents/Detail/tar-heel-junior-historian-1971-september-v.11-no.1/3704555?item=4498094,1971,n,Tar Heel Junior Historian Association; North Carolina Museum of History,,An edition of the NC Tar Heel Junior Historian focused on the American Revolution,magazine,"North Carolina--History--Periodicals; North Carolina--History--Societies, etc.--Periodicals",North Carolina,,,"North Carolina Museum of History, Tar Heel Junior Historian Association",Library of North Carolina,,,,"Users are responsible for determining the legal status of and securing any permissions necessary to distribute, reproduce, or make other use of this item.",https://digital.ncdcr.gov/about#copyright-and-use-restrictions-simple-rich-text-area,text,text/html,eng,,pdf,,,Read articles in the September 1971 issue of the Tar Heel Junior Historian about the American Revolution,104
,am250_030,"""Observations on the War in Carolina"" by Colonel Robert Gray, officer of provincial troops",https://digital.ncdcr.gov/Documents/Detail/observations-on-the-war-in-carolina-by-colonel-robert-gray-officer-of-provincial-troops/422507?item=422508,,,"Gray, Robert",,"Documents pertaining to the Board of War established by the General Assembly with extensive powers over immediate supervision of all military operations within the state; ""Observations on the War in Carolina"" by Colonel Robert Gray, officer of the North Carolina provincial troops. Detailed report of happenings of troops and battles in North Carolina.",personal papers,"Great Britain--Colonies--America--History--18th century; Great Britain--Colonies--America--Administration; Revolutionary War, American, 1775-1783; North Carolina--History--1775-1865",North Carolina,,,"War of the Revolution Papers, Military Collection",State Archives of North Carolina,,,,"Users are responsible for determining the legal status of and securing any permissions necessary to distribute, reproduce, or make other use of this item.",https://digital.ncdcr.gov/about#copyright-and-use-restrictions-simple-rich-text-area,text,text/html,eng,,pdf,,,A report on battles of the American Revolution in North Carolina by Robert Gray,79
,am250_031,"Fifth Provincial Congress, Jounral",https://digital.ncdcr.gov/Documents/Detail/fifth-provincial-congress-journal/437144?item=437152,1776,n,North Carolina Provincial Congress,,"Journals, proclamations, resolutions, depositions, vouchers, receipts, certificates of election, and correspondence with delegates in Congress. ",journal,"Interim governments; Great Britain--Colonies--America--Administration; Great Britain--Colonies--America--History--18th century; North Carolina--Politics and government--1775-1783;North Carolina--Politics and government--To 1775; North Carolina--History--Revolution, 1775-1783; North Carolina--History--Colonial period, ca. 1600-1775","Halifax, North Carolina",,,North Carolina Provincial Congress,State Archives of North Carolina,,,,"Users are responsible for determining the legal status of and securing any permissions necessary to distribute, reproduce, or make other use of this item.",https://digital.ncdcr.gov/about#copyright-and-use-restrictions-simple-rich-text-area,text,text/html,eng,am250_032,pdf,,,Read the journal of the fifth Provincial Congress held in Halifax in November 1776,82
,am250_032,"Provincial Congress, Halifax, April 1776, Journal",https://digital.ncdcr.gov/Documents/Detail/provincial-congress-halifax-april-1776-journal/439628?item=439642,1776,n,North Carolina Provincial Congress,,"Journals, proclamations, resolutions, depositions, vouchers, receipts, certificates of election, and correspondence with delegates in Congress. ",journal,"Interim governments; Great Britain--Colonies--America--Administration; Great Britain--Colonies--America--History--18th century; North Carolina--Politics and government--1775-1783;North Carolina--Politics and government--To 1775; North Carolina--History--Revolution, 1775-1783; North Carolina--History--Colonial period, ca. 1600-1775","Hillsborough, North Carolina",,,North Carolina Provincial Congress,State Archives of North Carolina,,,,"Users are responsible for determining the legal status of and securing any permissions necessary to distribute, reproduce, or make other use of this item.",https://digital.ncdcr.gov/about#copyright-and-use-restrictions-simple-rich-text-area,text,text/html,eng,am250_031,pdf,,,Read the journal of the Provincial Congress held in Halifax in April 1776,73
,am250_033,North Carolina's signers: brief sketches of the men who signed the Declaration of Independence and the Constitution,https://digital.ncdcr.gov/Documents/Detail/north-carolinas-signers-brief-sketches-of-the-men-who-signed-the-declaration-of-independence-and-the-constitution/3692108?item=5251481,1776,n,"Mitchell, Memory F.",,Booklet about the signers of the U.S. Constitution from North Carolina,booklet,North Carolina--Biography; Statesmen--North Carolina--Biography; United States. Constitution--Signers--Biography; United States. Declaration of Independence--Signers--Biography,"Halifax, North Carolina; Philadelphia, Pennsylvania; Edenton, North Carolina; Hillsborough, North Carolina; Boston, Massachusetts; Wilmington, North Carolina",,,"North Carolina Office of Archives and History, Department of Natural and Cultural Resources",State Archives of North Carolina,,,,"Users are responsible for determining the legal status of and securing any permissions necessary to distribute, reproduce, or make other use of this item.",https://digital.ncdcr.gov/about#copyright-and-use-restrictions-simple-rich-text-area,text,text/html,eng,,pdf,,,Read a booklet about signers of the U.S. Constitution from North Carolina,73
,am250_034,United States Constitution Ratification Letter from 1789 Convention President,https://digital.ncdcr.gov/Documents/Detail/united-states-constitution-ratification-letter-from-1789-convention-president/444215?item=444221,1789,n,"Johnston, Samuel",,"A letter from Samuel Johnston, president of the NC Convention of 1788, ratifying the U.S. Constitution",letter,"Constitutions--United States; Constitutional conventions--United States; United States--Politics and government, 1783-1809; United States--History--Confederation, 1783-1789; North Carolina--Politics and government--1775-1865; North Carolina--History--1775-1865","Fayetteville, North Carolina",,,"Johnston, Samuel",State Archives of North Carolina,,,,"Users are responsible for determining the legal status of and securing any permissions necessary to distribute, reproduce, or make other use of this item.",https://digital.ncdcr.gov/about#copyright-and-use-restrictions-simple-rich-text-area,text,text/html,eng,,pdf,,,Read the letter sent notifying of the North Carolina ratification of the U.S. Constitution,90
,am250_035,"Recruiting Instructions, 1777",https://digital.ncdcr.gov/Documents/Detail/recruiting-instructions-1777/422793,1777,n,"Murfree, Hardy","Rolston, Isaac",Instructions for recruiting soldiers to the American Continental Army,instructions,"Great Britain--Colonies--America--History--18th century; Great Britain--Colonies--America--Administration; Revolutionary War, American, 1775-1783; North Carolina--History--1775-1865","New Bern, North Carolina",,,"War of the Revolution Papers, Military Collection",State Archives of North Carolina,,,,"Users are responsible for determining the legal status of and securing any permissions necessary to distribute, reproduce, or make other use of this item.",https://digital.ncdcr.gov/about#copyright-and-use-restrictions-simple-rich-text-area,text,text/html,eng,,pdf,,,Read the recruiting instructions to be used for finding soldiers for the Continental Army,89
,am250_036,North Carolina booklet: great events in North Carolina history,https://digital.ncdcr.gov/Documents/Detail/north-carolina-booklet-great-events-in-north-carolina-history-1909-april-v.8-no.4/413718?item=454737,1909,n,"Boyd, William K.; Dillard, Richard",,A couple of articles in this book about the Battle of King's Mountain and Heroines of the American Revolution,booklet,North Carolina--History--Periodicals; North Carolina Society of the Daughters of the Revolution--Periodicals,"Kings Mountain, North Carolina",,,North Carolina Society of the Daughters of the Revolution,Library of North Carolina,,,,"Users are responsible for determining the legal status of and securing any permissions necessary to distribute, reproduce, or make other use of this item.",https://digital.ncdcr.gov/about#copyright-and-use-restrictions-simple-rich-text-area,text,text/html,eng,,pdf,,,Read articles from the North Carolina booklet that relate to the American Revolution,84
am250_003,am250_037,Echoes of Shallow Ford: Words and Watercolors of a Revolutionary Battle,https://youtu.be/Iewqu5ThaUQ?si=F0Fr4DsAQL7MkriR,1780,n,N.C. Department of Natural and Cultural Resources,,A video discussing an exhibit of the Battle of Shallow Ford combining watercolor artwork and storytelling,video,"Battles; North Carolina--History--American Revolutionary War, 1775-1783; United States--History--Revolution, 1775-1783","Winston-Salem, North Carolina",,,N.C. Department of Natural and Cultural Resources,YouTube,,,,"Users are responsible for determining the legal status of and securing any permissions necessary to distribute, reproduce, or make other use of this item.",https://www.nc.gov/disclaimer-terms-use,video,video,eng,,video,,,View a short video discussing an exhibit in Winston-Salem about the Battle of Shallow Ford,90
,am250_038,America 250 NC,https://youtube.com/playlist?list=PL0D3Ny2CaPzl5EkqCadKBP1bKg1PrwXaX&si=5iGe6TKc2sSvsQMK,,,N.C. Department of Natural and Cultural Resources,,Videos related to America250 and events related to it across North Carolina,video,"North Carolina--History--American Revolutionary War, 1775-1783; United States--History--Revolution, 1775-1783",North Carolina,,,N.C. Department of Natural and Cultural Resources,YouTube,,,,"Users are responsible for determining the legal status of and securing any permissions necessary to distribute, reproduce, or make other use of this item.",https://www.nc.gov/disclaimer-terms-use,video,video,eng,,video,,,A playlist of videos related to America 250 events and exhibits in North Carolina,81
,am250_039,America 250 NC website,https://www.america250.nc.gov/,,,N.C. Department of Natural and Cultural Resources,,Website dedicated to America 250 events and exhibits across the state of North Carolina,website,"North Carolina--History--American Revolutionary War, 1775-1783; United States--History--Revolution, 1775-1783",North Carolina,,,N.C. Department of Natural and Cultural Resources,N.C. Department of Natural and Cultural Resources,,,,"Users are responsible for determining the legal status of and securing any permissions necessary to distribute, reproduce, or make other use of this item.",https://www.nc.gov/disclaimer-terms-use,text,text/html,eng,,html,,,Website devoted to events and exhibits related to America 250 in North Carolina,79
,am250_040,The Stamp Act Crisis in North Carolina,https://www.ncanchor.org/anchor/stamp-act-crisis-north,1765,,"McKown, Harry W., Jr.",,An article about how citizens of North Carolina respoinded to the Stamp Act,encyclopedia article,"North Carolina--History--American Revolutionary War, 1775-1783; United States--History--Revolution, 1775-1783","Wilmington, North Carolina; Massachusetts",,,A North Carolina History Resource (ANCHOR),Library of North Carolina,,,,"ANCHOR content has been made available by contributors for personal educational use, consistent with provisions of fair use under copyright law. For any other uses, derivatives or republication requests, please contact the individual contributors or publishers.",https://www.ncanchor.org/writing-and-citing-site-content,text,text/html,eng,,html,,,Read more about North Carolina's response to the Stamp Act,58
,am250_041,"Primary Source: The ""Edenton Tea Party""",https://www.ncanchor.org/anchor/primary-source-edenton-tea,1774,,"Agan, Kelly",,An article providing primary source documentation about the Edenton Tea Party,encyclopedia article,"Edenton Tea Party, Edenton, NC, 1774; North Carolina--History--American Revolutionary War, 1775-1783; United States--History--Revolution, 1775-1783","Edenton, North Carolina",,,A North Carolina History Resource (ANCHOR),Library of North Carolina,,,,"ANCHOR content has been made available by contributors for personal educational use, consistent with provisions of fair use under copyright law. For any other uses, derivatives or republication requests, please contact the individual contributors or publishers.",https://www.ncanchor.org/writing-and-citing-site-content,text,text/html,eng,,html,,,Read the primary source newspaper article that was the Edenton Tea Party,72
am250_075,am250_042,Primary Source: Backcountry Residents Proclaim Their Loyalty,https://www.ncanchor.org/anchor/primary-source-backcountry,1775,,,,An article providing primary source documentation about views of the Loyalist side of the Revolutionary War,encyclopedia article,"American loyalists--North Carolina; North Carolina--History--American Revolutionary War, 1775-1783; Rowan County (N.C.)--History; Surry County (N.C.)--History; United States--History--Revolution, 1775-1783","Rowan County, North Carolina; Surry County, North Carolina",,,A North Carolina History Resource (ANCHOR),Library of North Carolina,,,,"ANCHOR content has been made available by contributors for personal educational use, consistent with provisions of fair use under copyright law. For any other uses, derivatives or republication requests, please contact the individual contributors or publishers.",https://www.ncanchor.org/writing-and-citing-site-content,text,text/html,eng,,html,,,Read more about the statement from the Loyalists in parts of North Carolina,75
am250_075,am250_043,Primary Source: Loyalist Perspective on the Violence in Wilmington,https://www.ncanchor.org/anchor/primary-source-loyalist,1775,,"Schaw, Janet",,An article providing primary source documentation about views of the Loyalist side of the Revolutionary War,encyclopedia article,"American loyalists--North Carolina; New Hanover County (N.C.)--History; North Carolina--History--American Revolutionary War, 1775-1783; United States--History--Revolution, 1775-1783","Wilmington, North Carolina",,,A North Carolina History Resource (ANCHOR),Library of North Carolina,,,,"ANCHOR content has been made available by contributors for personal educational use, consistent with provisions of fair use under copyright law. For any other uses, derivatives or republication requests, please contact the individual contributors or publishers.",https://www.ncanchor.org/writing-and-citing-site-content,text,text/html,eng,,html,,,Read more about the view of the Revolutionary War from the perspective of one Loyalist,86
am250_075,am250_044,The Black Pioneers Loyalist Company,https://www.ncanchor.org/anchor/black-pioneers-loyalist,1776-1783,n,"Kemisa, Kassa",,An article about the Black Pioneers Loyalist Company,encyclopedia article,"African American soldiers--North Carolina--History; American loyalists--North Carolina; New Hanover County (N.C.)--History; North Carolina--History--American Revolutionary War, 1775-1783; United States--History--Revolution, 1775-1783","Wilmington, North Carolina; New York; Philadelphia, Pennsylvania; Nova Scotia, Canada",,,A North Carolina History Resource (ANCHOR),Library of North Carolina,,,,"ANCHOR content has been made available by contributors for personal educational use, consistent with provisions of fair use under copyright law. For any other uses, derivatives or republication requests, please contact the individual contributors or publishers.",https://www.ncanchor.org/writing-and-citing-site-content,text,text/html,eng,,html,,,Read more about the Black Pioneers Loyalist Company,51
am250_075,am250_045,"Thomas Peters: Black Loyalist, Politician, and a Founding Father of Sierra Leone",https://www.ncanchor.org/anchor/thomas-peters,1738-1792,y,"Kemisa, Kassa",,An article about Revolutionary loyalist Thomas Peters,encyclopedia article,"African American soldiers--North Carolina--History; New Hanover County (N.C.)--History; North Carolina--History--American Revolutionary War, 1775-1783--Soldiers, Biography; United States--History--Revolution, 1775-1783","Nigeria; Louisiana; Wilmington, North Carolina; New York; Nova Scotia, Canada; St. John, New Brunswick, Canada; London, United Kingdom; Sierra Leone, Africa",,,A North Carolina History Resource (ANCHOR),Library of North Carolina,,,,"ANCHOR content has been made available by contributors for personal educational use, consistent with provisions of fair use under copyright law. For any other uses, derivatives or republication requests, please contact the individual contributors or publishers.",https://www.ncanchor.org/writing-and-citing-site-content,text,text/html,eng,,html,,,Read more about Revolutionary loyalist Thomas Peters,52
am250_003,am250_046,The Battle of Moores Creek Bridge,https://www.ncanchor.org/anchor/battle-moores-creek-bridge,1776,n,,,An article about the Battle of Moore's Creek Bridge in North Carolina,encyclopedia article,"Battles; Moores Creek Bridge, Battle of, N.C., 1776; North Carolina--History--American Revolutionary War, 1775-1783; United States--History--Revolution, 1775-1783","Wilmington, North Carolina; Fayetteville, North Carolina",,,A North Carolina History Resource (ANCHOR),Library of North Carolina,,,,"ANCHOR content has been made available by contributors for personal educational use, consistent with provisions of fair use under copyright law. For any other uses, derivatives or republication requests, please contact the individual contributors or publishers.",https://www.ncanchor.org/writing-and-citing-site-content,text,text/html,eng,,html,,,Read more about the Battle of Moores Creek Bridge,49
,am250_047,A Call for Independence,https://www.ncanchor.org/anchor/call-independence,1776,n,"Tomberlin, Jason",,An article focusing on the Halifax Resolves,encyclopedia article,"Halifax (N.C.)--History; North Carolina--History--American Revolutionary War, 1775-1783; United States--History--Revolution, 1775-1783","Halifax, North Carolina",,,A North Carolina History Resource (ANCHOR),Library of North Carolina,,,,"ANCHOR content has been made available by contributors for personal educational use, consistent with provisions of fair use under copyright law. For any other uses, derivatives or republication requests, please contact the individual contributors or publishers.",https://www.ncanchor.org/writing-and-citing-site-content,text,text/html,eng,,html,,,Read more about the Halifax Resolves,36
am250_003,am250_048,Primary Source: An Authentick Relation of the Battle of Alamance,https://www.ncanchor.org/anchor/primary-source-authentick,1771,n,,,An article providing primary source documentation about the Battle of Alamance,encyclopedia article,"Alamance Creek, Battle of, N.C., 1771; Battles; North Carolina--History--American Revolutionary War, 1775-1783; United States--History--Revolution, 1775-1783","Alamance County, North Carolina",,,A North Carolina History Resource (ANCHOR),Library of North Carolina,,,,"ANCHOR content has been made available by contributors for personal educational use, consistent with provisions of fair use under copyright law. For any other uses, derivatives or republication requests, please contact the individual contributors or publishers.",https://www.ncanchor.org/writing-and-citing-site-content,text,text/html,eng,,html,,,Read a primary source article about the Battle of Alamance,58
am250_003,am250_049,Skirmish at the House in the Horseshoe,https://www.ncanchor.org/anchor/skirmish-house-horseshoe,1781,n,,,An article about a Revolutionary War fight between Patriots and Loyalists in North Carolina,encyclopedia article,"Battles; North Carolina--History--American Revolutionary War, 1775-1783; United States--History--Revolution, 1775-1783","Moore County, North Carolina",,,A North Carolina History Resource (ANCHOR),Library of North Carolina,,,,"ANCHOR content has been made available by contributors for personal educational use, consistent with provisions of fair use under copyright law. For any other uses, derivatives or republication requests, please contact the individual contributors or publishers.",https://www.ncanchor.org/writing-and-citing-site-content,text,text/html,eng,,html,,,Read more about the Skirmish at the House in the Horseshoe,58
am250_054,am250_050,William Hooper Papers,https://digital.ncdcr.gov/Documents/Detail/william-hooper-papers/424016?item=424017,,,"Hooper, William",,"Papers of William Hooper, a lawyer, legislator, and delegate of the Continental Congress. The collection includes correspondence, a manuscript biographical sketch, a copy of General Jethro Sumner's proclamation, and copies of Judge Alfred Moore's obituary.",personal papers,"American loyalists; North Carolina--Militia; Great Britain--Colonies--America--History--18th century; United States--History--Revolution, 1775-1783; North Carolina--History--Revolution, 1775-1783; United States. Continental Congress; North Carolina--History--1775-1865","Pennsylvania; Orange County, North Carolina; New Hanover County, North Carolina; Boston, Massachusetts; Wilmington, North Carolina",,,William Hooper papers,State Archives of North Carolina,,,,"Users are responsible for determining the legal status of and securing any permissions necessary to distribute, reproduce, or make other use of this item.",https://digital.ncdcr.gov/about#copyright-and-use-restrictions-simple-rich-text-area,text,text/html,eng,,pdf,,,Correspondence of William Hooper a North Carolina delegate to the Continental Congress,86
,am250_051,"Records of Provincial Conventions and Congresses, 1775",https://digital.ncdcr.gov/Documents/Detail/records-of-provincial-conventions-and-congresses-1775/439806?item=439850,1775,n,North Carolina Provincial Congress,,"Journals, proclamations, resolutions, depositions, vouchers, receipts, certificates of election, and correspondence with delegates in Congress.",papers,"Interim governments; Great Britain--Colonies--America--Administration; Great Britain--Colonies--America--History--18th century; North Carolina--Politics and government--1775-1783; North Carolina--Politics and government--To 1775; North Carolina--History--Revolution, 1775-1783; North Carolina--History--Colonial period, ca. 1600-1775",North Carolina,,,North Carolina Provincial Congress,State Archives of North Carolina,,,,"Users are responsible for determining the legal status of and securing any permissions necessary to distribute, reproduce, or make other use of this item.",https://digital.ncdcr.gov/about#copyright-and-use-restrictions-simple-rich-text-area,text,text/html,eng,,pdf,,,Read documents of the proceedings of the 1775 Provincial Congresses,67
,am250_052,"Records of Provincial Conventions and Congresses, 1776",https://digital.ncdcr.gov/Documents/Detail/records-of-provincial-conventions-and-congresses-1776/439939?item=439942,1776,n,North Carolina Provincial Congress,,"Journals, proclamations, resolutions, depositions, vouchers, receipts, certificates of election, and correspondence with delegates in Congress.",papers,"Interim governments; Great Britain--Colonies--America--Administration; Great Britain--Colonies--America--History--18th century; North Carolina--Politics and government--1775-1783; North Carolina--Politics and government--To 1775; North Carolina--History--Revolution, 1775-1783; North Carolina--History--Colonial period, ca. 1600-1775",North Carolina,,,North Carolina Provincial Congress,State Archives of North Carolina,,,,"Users are responsible for determining the legal status of and securing any permissions necessary to distribute, reproduce, or make other use of this item.",https://digital.ncdcr.gov/about#copyright-and-use-restrictions-simple-rich-text-area,text,text/html,eng,,pdf,,,Read documents of the proceedings of the 1776 Provincial Congresses,67
,am250_053,"Records of Provincial Conventions and Congresses, Continental Congress Messages",https://digital.ncdcr.gov/Documents/Detail/records-of-provincial-conventions-and-congresses-continental-congress-messages/440077?item=440078,1776,n,United States Continental Congress,,"Journals, proclamations, resolutions, depositions, vouchers, receipts, certificates of election, and correspondence with delegates in Congress.",papers,"Interim governments; Great Britain--Colonies--America--Administration; Great Britain--Colonies--America--History--18th century; North Carolina--Politics and government--1775-1783; North Carolina--Politics and government--To 1775; North Carolina--History--Revolution, 1775-1783; North Carolina--History--Colonial period, ca. 1600-1775","Philadelphia, Pennsylvania",,,United States Continental Congress,State Archives of North Carolina,,,,"Users are responsible for determining the legal status of and securing any permissions necessary to distribute, reproduce, or make other use of this item.",https://digital.ncdcr.gov/about#copyright-and-use-restrictions-simple-rich-text-area,text,text/html,eng,,pdf,,,Read documents from the United State Continental Congress,57
,am250_054,Patriots of the Revolution,,,,,,Articles about NC patriots of the American Revolution,,"North Carolina--History--American Revolutionary War, 1775-1783--Soldiers, Biography; North Carolina--History--1775-1865; United States--History--Revolution, 1775-1783",,,,,,,,,,,,,eng,,compound_object,,,Articles about NC patriots of the American Revolution,53
am250_054,am250_055,James Moore,https://www.ncpedia.org/biography/moore-james,1737-1777,n,"Troxler, George W.",,An article about Revolutionary patriot James Moore,encyclopedia article,"Alamance Creek, Battle of, N.C., 1771; Biography; Interm goverments; Moores Creek Bridge, Battle of, N.C., 1776; North Carolina--History--1775-1865; North Carolina--History--American Revolutionary War, 1775-1783--Soldiers, Biography; North Carolina. Militia; United States. Continental Army; United States--History--Revolution, 1775-1783","New Hanover County, North Carolina; Brunswick, North Carolina; Wilmington, North Carolina; Hillsborough, North Carolina; Fayetteville, North Carolina; Charleston, South Carolina",,,NCpedia,Library of North Carolina,,,,"NCpedia content has been made available by contributors for personal educational use, consistent with provisions of fair use under copyright law. For any other uses, derivatives or republication requests, please contact the individual contributors or publishers.",https://www.ncpedia.org/writing-and-citing-ncpedia-articles,text,text/html,eng,,html,,,Read more about Revolutionary patriot James Moore,49
am250_054,am250_056,James Armstrong,https://www.ncpedia.org/biography/armstrong-james,,,"Johnson, Elmer D.",,"An article about Revolutionary patriot officer, James Armstrong",encyclopedia article,"Biography; North Carolina--History--American Revolutionary War, 1775-1783--Soldiers, Biography; North Carolina--History--1775-1865; North Carolina. Militia; United States. Continental Army; United States--History--Revolution, 1775-1783","PItt County, North Carolina;  Stono Ferry, Sourth Carolina; Fayetteville, North Carolina",,,NCpedia,Library of North Carolina,,,,"NCpedia content has been made available by contributors for personal educational use, consistent with provisions of fair use under copyright law. For any other uses, derivatives or republication requests, please contact the individual contributors or publishers.",https://www.ncpedia.org/writing-and-citing-ncpedia-articles,text,text/html,eng,,html,,,Read more about Revolutionary patriot officer James Armstrong,61
am250_054,am250_057,Thomas Amis,https://www.ncpedia.org/biography/amis-thomas,1744-1797,n,"Agan, Kelly; Starnes, Sam",,"An article about Revolutionary patriot officer, Thomas Amis",encyclopedia article,"Biography; Interim governments; North Carolina--History--American Revolutionary War, 1775-1783--Soldiers, Biography; North Carolina--History--1775-1865; North Carolina Society of the Cincinnati; United States. Continental Army. North Carolina Regiment, Third; United States--History--Revolution, 1775-1783; ","Halifax County, North Carolina; Bladen County, North Carolina; Wilmington, North Carolina",,,NCpedia,Library of North Carolina,,,,"NCpedia content has been made available by contributors for personal educational use, consistent with provisions of fair use under copyright law. For any other uses, derivatives or republication requests, please contact the individual contributors or publishers.",https://www.ncpedia.org/writing-and-citing-ncpedia-articles,text,text/html,eng,,html,,,Read more about Revolutionary patriot officer Thomas Amis,57
am250_054,am250_058,Andrew Balfour,https://www.ncpedia.org/biography/balfour-andrew,1737-1782,n,"Raper, Horace W.",,"An article about Revolutionary patriot leader, Andrew Balfour",encyclopedia article,"Biography; North Carolina--History--American Revolutionary War, 1775-1783--Soldiers, Biography; North Carolina--History--1775-1865; North Carolina. Militia; United States. Continental Army; United States--History--Revolution, 1775-1783","Randolph County, North Carolina; Charleston, Sourth Carolina; Rowan County, North Carolina",,,NCpedia,Library of North Carolina,,,,"NCpedia content has been made available by contributors for personal educational use, consistent with provisions of fair use under copyright law. For any other uses, derivatives or republication requests, please contact the individual contributors or publishers.",https://www.ncpedia.org/writing-and-citing-ncpedia-articles,text,text/html,eng,,html,,,Read more about Revolutionary patriot leader Andrew Balfour,59
am250_054,am250_059,Jacob Turner,https://www.ncpedia.org/biography/turner-jacob,1745-1777,y,"Smith, Claimborne T., Jr.",,An article about Revolutionary patriot Jacob Turner,encyclopedia article,"Biography; North Carolina--History--American Revolutionary War, 1775-1783--Soldiers, Biography; North Carolina--History--1775-1865; United States. Continental Army. North Carolina Regiment, Third; United States--History--Revolution, 1775-1783","Southampton County, Virginia; Warren County, North Carolina; Germantown, Pennsylvania",,,NCpedia,Library of North Carolina,,,,"NCpedia content has been made available by contributors for personal educational use, consistent with provisions of fair use under copyright law. For any other uses, derivatives or republication requests, please contact the individual contributors or publishers.",https://www.ncpedia.org/writing-and-citing-ncpedia-articles,text,text/html,eng,,html,,,Read more about Revolutionary patriot Jacob Turner,50
am250_054,am250_060,Martin Black,https://www.ncpedia.org/biography/black-martin,1751-1821,y,"Kassa, Kemisa",,An article about Revolutionary patriot Martin Black,encyclopedia article,"African American soldiers--History; Biography; North Carolina--History--American Revolutionary War, 1775-1783--Soldiers, Biography; North Carolina--History--1775-1865; United States. Continental Army; United States--History--Revolution, 1775-1783","Craven County, North Carolina; New Bern, North Carolina",,,NCpedia,Library of North Carolina,,,,"NCpedia content has been made available by contributors for personal educational use, consistent with provisions of fair use under copyright law. For any other uses, derivatives or republication requests, please contact the individual contributors or publishers.",https://www.ncpedia.org/writing-and-citing-ncpedia-articles,text,text/html,eng,,html,,,Read more about Revolutionary patriot Martin Black,50
am250_054,am250_061,Reading Blount,https://www.ncpedia.org/biography/blount-reading,1757-1807,n,"Worthy, Pauline",,An article about Revolutionary patriot Reading Blount,encyclopedia article,"Biography; Guilford Courthouse, Battle of, N.C., 1781; North Carolina--History--American Revolutionary War, 1775-1783--Soldiers, Biography; North Carolina--History--1775-1865; North Carolina Society of the Cincinnati; United States. Continental Army. North Carolina Regiment, Third; United States--History--Revolution, 1775-1783","PItt County, North Carolina; Guilford Courthouse, North Carolina",,,NCpedia,Library of North Carolina,,,,"NCpedia content has been made available by contributors for personal educational use, consistent with provisions of fair use under copyright law. For any other uses, derivatives or republication requests, please contact the individual contributors or publishers.",https://www.ncpedia.org/writing-and-citing-ncpedia-articles,text,text/html,eng,,html,,,Read more about Revolutionary patriot Reading Blount,52
am250_054,am250_062,Thomas Brown,https://www.ncpedia.org/biography/brown-thomas,1744-1811,n,"Snow, Claude H., Jr.",,An article about Revolutionary patriot Thomas Brown,encyclopedia article,"Biography; Interim governments; Moores Creek Bridge, Battle of, N.C., 1776; North Carolina. General Assembly; North Carolina--History--American Revolutionary War, 1775-1783--Soldiers, Biography; North Carolina--History--1775-1865; North Carolina. Militia; United States--History--Revolution, 1775-1783","Bladen County, North Carolina; Wilmington, North Carolina; Elizabbethtown, North Carolina; South Carolina",,,NCpedia,Library of North Carolina,,,,"NCpedia content has been made available by contributors for personal educational use, consistent with provisions of fair use under copyright law. For any other uses, derivatives or republication requests, please contact the individual contributors or publishers.",https://www.ncpedia.org/writing-and-citing-ncpedia-articles,text,text/html,eng,,html,,,Read more about Revolutionary patriot Thomas Brown,50
am250_054,am250_063,Joseph Winston,https://www.ncpedia.org/biography/winston-joseph,1746-1815,n,"Hendricks, J. Edwin",,An article about Revolutionary patriot Joseph Winston,encyclopedia article,"Biography; Interim governments; North Carolina. General Assembly; North Carolina--History--American Revolutionary War, 1775-1783--Soldiers, Biography; North Carolina--History--1775-1865; North Carolina. Militia; United States--History--Revolution, 1775-1783","Louisa County, Virginia; Surry County, North Carolina; Hillsborough, North Carolina; Halifax, North Carolina; Fayetteville, North Carolina; Kings Mountain, North Carolina; Guilford County, North Carolina",,,NCpedia,Library of North Carolina,,,,"NCpedia content has been made available by contributors for personal educational use, consistent with provisions of fair use under copyright law. For any other uses, derivatives or republication requests, please contact the individual contributors or publishers.",https://www.ncpedia.org/writing-and-citing-ncpedia-articles,text,text/html,eng,,html,,,Read more about Revolutionary patriot Joseph Winston,52
am250_054,am250_064,Dempsey Burges (Burgess),https://www.ncpedia.org/biography/burges-burgess-dempsey,1751-1800,n,"Johnson, Elmer D.",,An article about Revolutionary patriot Dempsey Burges,encyclopedia article,"Biography; Interim governments; North Carolina--History--American Revolutionary War, 1775-1783--Soldiers, Biography; North Carolina--History--1775-1865; North Carolina. Militia; United States--History--Revolution, 1775-1783; United States. Congress. House--Biography","Pasquotank County, North Carolina",,,NCpedia,Library of North Carolina,,,,"NCpedia content has been made available by contributors for personal educational use, consistent with provisions of fair use under copyright law. For any other uses, derivatives or republication requests, please contact the individual contributors or publishers.",https://www.ncpedia.org/writing-and-citing-ncpedia-articles,text,text/html,eng,,html,,,Read more about Revolutionary patriot Dempsey Burges,52
am250_054,am250_065,John Butler,https://www.ncpedia.org/biography/butler-john,,,"Butler, Lindley S.",,An article about Revolutionary patriot John Butler,encyclopedia article,"Biography; Moores Creek Bridge, Battle of, N.C., 1776; North Carolina--History--American Revolutionary War, 1775-1783--Soldiers, Biography; North Carolina--History--1775-1865; North Carolina. Militia; United States. Continental Army; United States--History--Revolution, 1775-1783","Orange County, North Carolina",,,NCpedia,Library of North Carolina,,,,"NCpedia content has been made available by contributors for personal educational use, consistent with provisions of fair use under copyright law. For any other uses, derivatives or republication requests, please contact the individual contributors or publishers.",https://www.ncpedia.org/writing-and-citing-ncpedia-articles,text,text/html,eng,,html,,,Read more about Revolutionary patriot John Butler,49
am250_054,am250_066,Griffith Rutherford,https://www.ncpedia.org/biography/rutherford-griffith,1721-1805,y,"Cashion, Jerry C.",,An article about Revolutionary patriot Griffith Rutherford,encyclopedia article,"Biography; Interim governments; North Carolina--History--American Revolutionary War, 1775-1783--Soldiers, Biography; North Carolina--History--1775-1865; North Carolina. Militia; United States. Continental Army; United States--History--Revolution, 1775-1783","Scotland; Ireland; Pennsylvania; Halifax County, North Carolina; Rowan County, North Carolina; Camden, South Carolina; Georgia; St. Augustine, Florida",,,NCpedia,Library of North Carolina,,,,"NCpedia content has been made available by contributors for personal educational use, consistent with provisions of fair use under copyright law. For any other uses, derivatives or republication requests, please contact the individual contributors or publishers.",https://www.ncpedia.org/writing-and-citing-ncpedia-articles,text,text/html,eng,,html,,,Read more about Revolutionary patriot Griffith Rutherford,57
am250_054,am250_067,Ishmael Titus,https://www.ncpedia.org/biography/titus-ishmael,1743-1855,y,"Dease, Jared; Smythe, Andrea",,An article about Revolutionary patriot Ishmael patriot,encyclopedia article,"African American soldiers--History; Biography; Camden, Battle of, Camden, S.C., 1780; Kings Mountain, Battle of, N.C., 1780; North Carolina--History--American Revolutionary War, 1775-1783--Soldiers, Biography; North Carolina--History--1775-1865; United States. Continental Army; United States--History--Revolution, 1775-1783","Amelia County, Virginia; Stokes County, North Carolina; Rowan County, North Carolina; New York; Massachusetts; Vermont",,,NCpedia,Library of North Carolina,,,,"NCpedia content has been made available by contributors for personal educational use, consistent with provisions of fair use under copyright law. For any other uses, derivatives or republication requests, please contact the individual contributors or publishers.",https://www.ncpedia.org/writing-and-citing-ncpedia-articles,text,text/html,eng,,html,,,Read more about Revolutionary patriot Ishmael TItus,51
am250_054,am250_068,John Ashe,https://www.ncpedia.org/biography/ashe-john,1725-1781,n,"Whiteside, Heustis P.",,An article about Revolutionary patriot John Ashe,encyclopedia article,"Biography; North Carolina--History--American Revolutionary War, 1775-1783--Soldiers, Biography; North Carolina--History--1775-1865; North Carolina. Militia; United States. Continental Army; United States--History--Revolution, 1775-1783","New Hanover County, North Carolina; Wilmington, North Carolina",,,NCpedia,Library of North Carolina,,,,"NCpedia content has been made available by contributors for personal educational use, consistent with provisions of fair use under copyright law. For any other uses, derivatives or republication requests, please contact the individual contributors or publishers.",https://www.ncpedia.org/writing-and-citing-ncpedia-articles,text,text/html,eng,,html,,,Read more about Revolutionary patriot John Ashe,47
am250_054,am250_069,"Cornelius Harnett, Jr.",https://www.ncpedia.org/biography/harnett-cornelius-jr,1723-1781,n,"Lennon, Donald R.",,"An article about Revolutionary patriot Cornelius Harnett, Jr",encyclopedia article,"Biography; Interim governments; North Carolina--History--American Revolutionary War, 1775-1783--Soldiers, Biography; North Carolina--History--1775-1865; United States. Continental Congress; United States--History--Revolution, 1775-1783","Chowan County, North Carolina; Brunswick Town, North Carolina; New Hanover County, North Carolina; Wilmington, North Carolina; Halifax, North Carolina; Onslow County, North Carolina",,,NCpedia,Library of North Carolina,,,,"NCpedia content has been made available by contributors for personal educational use, consistent with provisions of fair use under copyright law. For any other uses, derivatives or republication requests, please contact the individual contributors or publishers.",https://www.ncpedia.org/writing-and-citing-ncpedia-articles,text,text/html,eng,,html,,,"Read more about Revolutionary patriot Cornelius Harnett, Jr.",60
am250_054,am250_070,Robert Howe,https://www.ncpedia.org/biography/howe-robert,1732-1786,n,"Rankin, Hugh F.",,An article about Revolutionary patriot Robert Howe,encyclopedia article,"Biography; Interim governments; North Carolina--History--American Revolutionary War, 1775-1783--Soldiers, Biography; North Carolina--History--1775-1865; North Carolina. Militia; United States. Continental Army; United States--History--Revolution, 1775-1783","New Hanover County, North Carolina; Wilmington, North Carolina; Bladen County, North Carolina; Brunswick County, North Carolina; Charleston, South Carolina; Virginia; Georgia",,,NCpedia,Library of North Carolina,,,,"NCpedia content has been made available by contributors for personal educational use, consistent with provisions of fair use under copyright law. For any other uses, derivatives or republication requests, please contact the individual contributors or publishers.",https://www.ncpedia.org/writing-and-citing-ncpedia-articles,text,text/html,eng,,html,,,Read more about Revolutionary patriot Robert Howe,49
am250_054,am250_071,Penelope Barker,https://www.ncpedia.org/biography/barker-penelope,1728-1796,n,"Martin, Michael G., Jr.",,An article about Revolutionary patriot Penelope Barker,encyclopedia article,"Biography; Edenton Tea Party, Edenton, NC, 1774; North Carolina--History--American Revolutionary War, 1775-1783--Women; North Carolina--History--1775-1865; United States--History--Revolution, 1775-1783","Edenton, North Carolina",,,NCpedia,Library of North Carolina,,,,"NCpedia content has been made available by contributors for personal educational use, consistent with provisions of fair use under copyright law. For any other uses, derivatives or republication requests, please contact the individual contributors or publishers.",https://www.ncpedia.org/writing-and-citing-ncpedia-articles,text,text/html,eng,,html,,,Read more about Revolutionary patriot Penelope Barker,53
am250_054,am250_072,Joseph Hewes,https://www.ncpedia.org/biography/hewes-joseph,1730-1779,n,"Martin, Michael G., Jr.",,"An article about NC delegate to the Continental Congress, Joseph Hewes",encyclopedia article,"Biography; Interim governments; North Carolina--History--American Revolutionary War, 1775-1783--Biography; North Carolina--History--1775-1865; United States. Continental Congress; United States--History--Revolution, 1775-1783","Kingston, New Jersey; Philadelphia, Pennsylvania; Edenton, North Carolina; Chowan County, North Carolina",,,NCpedia,Library of North Carolina,,,,"NCpedia content has been made available by contributors for personal educational use, consistent with provisions of fair use under copyright law. For any other uses, derivatives or republication requests, please contact the individual contributors or publishers.",https://www.ncpedia.org/writing-and-citing-ncpedia-articles,text,text/html,eng,,html,,,"Read more about NC delegate to the Continental Congress, Joseph Hewes",69
am250_054,am250_073,Guilford Dudley,https://www.ncpedia.org/biography/dudley-guilford,1756-1833,n,"Butler, Lindley S.",,An article about Revolutionary patriot Guilford Dudley,encyclopedia article,"Biography; Moores Creek Bridge, Battle of, N.C., 1776; North Carolina--History--American Revolutionary War, 1775-1783--Soldiers, Biography; North Carolina--History--1775-1865; North Carolina. Militia; United States--History--Revolution, 1775-1783","Carolina County, Virginia; Halifax, North Carolina; Camden, South Carolina; Guilford Court House, North Carolina; Hillsborough, North Carolina; Fayetteville, North Carolina; Prince Edward County, VIrginia; Williamson County, Tennessee",,,NCpedia,Library of North Carolina,,,,"NCpedia content has been made available by contributors for personal educational use, consistent with provisions of fair use under copyright law. For any other uses, derivatives or republication requests, please contact the individual contributors or publishers.",https://www.ncpedia.org/writing-and-citing-ncpedia-articles,text,text/html,eng,,html,,,Read more about Revolutionary patriot Guilford Dudley,53
am250_054,am250_074,Matthew Locke,https://www.ncpedia.org/biography/locke-matthew,1730-1801,,"Brawley, James S.",,An article about Revolutionary patriot Matthew Locke,encyclopedia article,"Biography; Interim governments; North Carolina--History--American Revolutionary War, 1775-1783--Biography; North Carolina--History--1775-1865; United States. Continental Congress; United States--History--Revolution, 1775-1783","Ireland; Lancaster County, Pennsylvania; Anson County, North Carolina; Rowan County, North Carolina",,,NCpedia,Library of North Carolina,,,,"NCpedia content has been made available by contributors for personal educational use, consistent with provisions of fair use under copyright law. For any other uses, derivatives or republication requests, please contact the individual contributors or publishers.",https://www.ncpedia.org/writing-and-citing-ncpedia-articles,text,text/html,eng,,html,,,Read more about Revolutionary patriot Matthew Locke,51
,am250_075,Loyalists of the British Government,,,,,,Articles about NC loyalists of the American Revolution,,"American loyalists--North Carolina; North Carolina--History--American Revolutionary War, 1775-1783--Soldiers, Biography; North Carolina--History--1775-1865; United States--History--Revolution, 1775-1783",,,,,,,,,,,,,,,compound_object,,,Articles about NC loyalists of the American Revolution,54
am250_075,am250_076,Josiah Martin,https://www.ncpedia.org/martin-josiah,1737-1786,n,"Wegner, Ansley Herring",,"An article about Governor Josiah Martin, a loyalist during the Revolution",encyclopedia article,"American loyalists--North Carolina; Biography; Governors--North Carolina--Biography; North Carolina--History--American Revolutionary War, 1775-1783--Biography; North Carolina--History--1775-1865; North Carolina--History--Colonial period, ca. 1600-1775--Politics and government; United States--History--Revolution, 1775-1783","Dublin, Ireland; Antigua; New York; New Bern, North Carolina; London, North Carolina",,,NCpedia,Library of North Carolina,,,,"NCpedia content has been made available by contributors for personal educational use, consistent with provisions of fair use under copyright law. For any other uses, derivatives or republication requests, please contact the individual contributors or publishers.",https://www.ncpedia.org/writing-and-citing-ncpedia-articles,text,text/html,eng,,html,,,"Read more about Governor Josiah Martin, a loyalist during the Revolutionary War",79
am250_075,am250_077,David Fanning,https://www.ncpedia.org/biography/fanning-david,1755-1825,n,"Butler, Lindley S.",,An article about Revolutionary loyalist David Fanning,encyclopedia article,"American loyalists--North Carolina; Biography; North Carolina--History--American Revolutionary War, 1775-1783--Soldiers, Biography; North Carolina--History--1775-1865; United States--History--Revolution, 1775-1783--British forces","Beech Swamp, Virginia; Johnston County, North Carolina; Chatham County, North Carolina; Orange County, North Carolina; Randolph County, North Carolina; Canada",,,NCpedia,Library of North Carolina,,,,"NCpedia content has been made available by contributors for personal educational use, consistent with provisions of fair use under copyright law. For any other uses, derivatives or republication requests, please contact the individual contributors or publishers.",https://www.ncpedia.org/writing-and-citing-ncpedia-articles,text,text/html,eng,,html,,,Read more about Revolutionary loyalist David Fanning,52
am250_075,am250_078,Howard Martin,https://www.ncpedia.org/biography/howard-martin,1725-1781,y,"Price, William S., Jr.",,An article about Revolutionary loyalist Howard Martin,encyclopedia article,"American loyalists--North Carolina; Biography; Judges--North Carolina--Biography; North Carolina--History--American Revolutionary War, 1775-1783--Biography; North Carolina--History--1775-1865; United States--History--Revolution, 1775-1783","Rhode Island; Craven County, North Carolina; New York; England",,,NCpedia,Library of North Carolina,,,,"NCpedia content has been made available by contributors for personal educational use, consistent with provisions of fair use under copyright law. For any other uses, derivatives or republication requests, please contact the individual contributors or publishers.",https://www.ncpedia.org/writing-and-citing-ncpedia-articles,text,text/html,eng,,html,,,Read more about Revolutionary loyalist Martin Howard,52
am250_075,am250_079,Allan MacDonald,https://www.ncpedia.org/biography/macdonald-allan,1792,y,"Clifton, James M.",,An article about Revolutionary loyalist Allan MacDonald,encyclopedia article,"American loyalists--North Carolina; Biography; Moores Creek Bridge, Battle of, N.C., 1776; North Carolina--History--American Revolutionary War, 1775-1783--Soldiers, Biography; North Carolina--History--1775-1865; Scots--North Carolina--Immigration; United States--History--Revolution, 1775-1783--British forces","Kingsborough, Scotland; Anson County, North Carolina;  Fayetteville, North Carolina; Hants County, Nova Scotia, Canada",,,NCpedia,Library of North Carolina,,,,"NCpedia content has been made available by contributors for personal educational use, consistent with provisions of fair use under copyright law. For any other uses, derivatives or republication requests, please contact the individual contributors or publishers.",https://www.ncpedia.org/writing-and-citing-ncpedia-articles,text,text/html,eng,,html,,,Read more about Revolutionary loyalist Allan MacDonald,54
am250_075,am250_080,Flora MacDonald,https://www.ncpedia.org/biography/macdonald-flora-0,1722-1790,y,"Smith, Maud Thomas; Smythe, Andrea",,An article about Revolutionary loyalist Flora MacDonald,encyclopedia article,"American loyalists--North Carolina; Biography; North Carolina--History--American Revolutionary War, 1775-1783--Biography; North Carolina--History--1775-1865; United States--History--Revolution, 1775-1783; Women heroes--Scotland--Biography","Milton, Scotland; Wilmington, North Carolina; Anson County, North Carolina;  Fayetteville, North Carolina; Kingsborough, Scotland",,,NCpedia,Library of North Carolina,,,,"NCpedia content has been made available by contributors for personal educational use, consistent with provisions of fair use under copyright law. For any other uses, derivatives or republication requests, please contact the individual contributors or publishers.",https://www.ncpedia.org/writing-and-citing-ncpedia-articles,text,text/html,eng,,html,,,Read more about Revolutionary loyalist Flora MacDonald,54
am250_075,am250_081,James Lindley,https://www.ncpedia.org/biography/lindley-james,1735-1779,n,"Butler, Lindley S.",,An article about Revolutionary loyalist James Lindley,encyclopedia article,"American loyalists--North Carolina; Biography; North Carolina--History--American Revolutionary War, 1775-1783--Soldiers, Biography; North Carolina--History--1775-1865; United States--History--Revolution, 1775-1783--British forces","London Grove, Pennsylvania; Orange County, North Carolina; Ninelty-Six District, South Carolina; Granville County, North Carolina; Craven County, North Carolina",,,NCpedia,Library of North Carolina,,,,"NCpedia content has been made available by contributors for personal educational use, consistent with provisions of fair use under copyright law. For any other uses, derivatives or republication requests, please contact the individual contributors or publishers.",https://www.ncpedia.org/writing-and-citing-ncpedia-articles,text,text/html,eng,,html,,,Read more about Revolutionary loyalist James Lindley,52
am250_075,am250_082,Murphy Steele,https://www.ncpedia.org/biography/steele-murphy,1749,y,"Kassa, Kemisa",,An article about Revolutionary loyalist Murphy Steele,encyclopedia article,"American loyalists--North Carolina; Biography; North Carolina--History--American Revolutionary War, 1775-1783--Soldiers, Biography; North Carolina--History--1775-1865; United States--History--Revolution, 1775-1783--British forces","Wilmington, North Carolina; Nova Scotia, Canada",,,NCpedia,Library of North Carolina,,,,"NCpedia content has been made available by contributors for personal educational use, consistent with provisions of fair use under copyright law. For any other uses, derivatives or republication requests, please contact the individual contributors or publishers.",https://www.ncpedia.org/writing-and-citing-ncpedia-articles,text,text/html,eng,,html,,,Read more about Revolutionary loyalist Murphy Steele,52
am250_075,am250_083,Edmund Fanning,https://www.ncpedia.org/biography/fanning-edmund,1737-1818,n,"Engstrom, Mary Claire",,An article about Revolutionary loyalist Edmund Fanning,encyclopedia article,"American loyalists--North Carolina; Biography; North Carolina--History--American Revolutionary War, 1775-1783--Soldiers, Biography; North Carolina--History--1775-1865; United States--History--Revolution, 1775-1783--British forces","Long Island, New York; Hillsborough, North Carolina; New York; Nova Scotia, Canada",,,NCpedia,Library of North Carolina,,,,"NCpedia content has been made available by contributors for personal educational use, consistent with provisions of fair use under copyright law. For any other uses, derivatives or republication requests, please contact the individual contributors or publishers.",https://www.ncpedia.org/writing-and-citing-ncpedia-articles,text,text/html,eng,,html,,,Read more about Revolutionary loyalist Edmund Fanning,53
am250_075,am250_084,Donald MacDonald,https://www.ncpedia.org/biography/macdonald-donald,1712-1784,y,"Clifton, James M.",,An article about Revolutionary loyalist Donald MacDonald,encyclopedia article,"American loyalists--North Carolina; Biography; North Carolina--History--American Revolutionary War, 1775-1783--Soldiers, Biography; North Carolina--History--1775-1865; United States--History--Revolution, 1775-1783--British forces","Fayetteville, North Carolina",,,NCpedia,Library of North Carolina,,,,"NCpedia content has been made available by contributors for personal educational use, consistent with provisions of fair use under copyright law. For any other uses, derivatives or republication requests, please contact the individual contributors or publishers.",https://www.ncpedia.org/writing-and-citing-ncpedia-articles,text,text/html,eng,,html,,,Read more about Revolutionary loyalist Donald MacDonald,55
am250_075,am250_085,John Pyle,https://www.ncpedia.org/biography/pyle-john,1723-1804,n,"Troxler, George W.",,An article about Revolutionary loyalist John Pyle,encyclopedia article,"American loyalists--North Carolina; Biography; North Carolina--History--American Revolutionary War, 1775-1783--Soldiers, Biography; North Carolina--History--1775-1865; United States--History--Revolution, 1775-1783--British forces","Chester County, Pennsylvania; Chatham County, North Carolina; Halifax, North Carolina; Alamance County, North Carolina",,,NCpedia,Library of North Carolina,,,,"NCpedia content has been made available by contributors for personal educational use, consistent with provisions of fair use under copyright law. For any other uses, derivatives or republication requests, please contact the individual contributors or publishers.",https://www.ncpedia.org/writing-and-citing-ncpedia-articles,text,text/html,eng,,html,,,Read more about Revolutionary loyalist John Pyle,48
am250_075,am250_086,John Moore,https://www.ncpedia.org/biography/moore-john,1753-1781,y,"Shelby, Bradford M.",,An article about Revolutionary loyalist John Moore,encyclopedia article,"American loyalists--North Carolina; Biography; North Carolina--History--American Revolutionary War, 1775-1783--Soldiers, Biography; North Carolina--History--1775-1865; United States--History--Revolution, 1775-1783--British forces","Tryon County, North Carolina; Granville County, North Carolina; Camden, South Carolina",,,NCpedia,Library of North Carolina,,,,"NCpedia content has been made available by contributors for personal educational use, consistent with provisions of fair use under copyright law. For any other uses, derivatives or republication requests, please contact the individual contributors or publishers.",https://www.ncpedia.org/writing-and-citing-ncpedia-articles,text,text/html,eng,,html,,,Read more about Revolutionary loyalist John Moore,49
am250_075,am250_087,Samuel Bryan,https://www.ncpedia.org/biography/bryan-samuel,1726-1798,y,"Bryan, John K. Jr.",,An article about Revolutionary loyalist Samuel Bryan,encyclopedia article,"American loyalists--North Carolina; Biography; North Carolina--History--American Revolutionary War, 1775-1783--Soldiers, Biography; North Carolina--History--1775-1865; United States--History--Revolution, 1775-1783--British forces","Lancaster County, Pennsylvania; Winchester, Virginia; Anson County, North Carolina; Rowan County, North Carolina; Fayetteville, North Carolina; New York City, New York; Anson County, North Carolina; Camden, South Carolina; St. Augustine, Florida; Wilmington, North Carolina",,,NCpedia,Library of North Carolina,,,,"NCpedia content has been made available by contributors for personal educational use, consistent with provisions of fair use under copyright law. For any other uses, derivatives or republication requests, please contact the individual contributors or publishers.",https://www.ncpedia.org/writing-and-citing-ncpedia-articles,text,text/html,eng,,html,,,Read more about Revolutionary loyalist Samuel Bryan,51
am250_075,am250_088,John Hamilton,https://www.ncpedia.org/biography/hamilton-john,1816,n,"Menius, Arthur C., III; Troxler, Carole W.",,An article about Revolutionary loyalist John Hamilton,encyclopedia article,"American loyalists--North Carolina; Biography; North Carolina--History--American Revolutionary War, 1775-1783--Soldiers, Biography; North Carolina--History--1775-1865; United States--History--Revolution, 1775-1783--British forces","Scotland; Nansemond County, Virginia; Halifax, North Carolina; New Bern, North Carolina; New York; Savannah, Georgia; St. Augustine, Florida; Londan, United Kingdom; Norfolk, Virginia",,,NCpedia,Library of North Carolina,,,,"NCpedia content has been made available by contributors for personal educational use, consistent with provisions of fair use under copyright law. For any other uses, derivatives or republication requests, please contact the individual contributors or publishers.",https://www.ncpedia.org/writing-and-citing-ncpedia-articles,text,text/html,eng,,html,,,Read more about Revolutionary loyalist John Hamilton,52
am250_075,am250_089,John MacRae,https://www.ncpedia.org/biography/macrae-john,1774-1780,y,"Walster, Richard",,An article about Revolutionary loyalist and Gealic poet John MacRae,encyclopedia article,"American loyalists--North Carolina; Biography; North Carolina--History--American Revolutionary War, 1775-1783--Soldiers, Biography; North Carolina--History--1775-1865; United States--History--Revolution, 1775-1783--British forces","Kintain, Scotland; Moore County, North Carolina",,,NCpedia,Library of North Carolina,,,,"NCpedia content has been made available by contributors for personal educational use, consistent with provisions of fair use under copyright law. For any other uses, derivatives or republication requests, please contact the individual contributors or publishers.",https://www.ncpedia.org/writing-and-citing-ncpedia-articles,text,text/html,eng,,html,,,Read more about Revolutionary loyalist and Gaelic poet John MacRae,66
am250_075,am250_090,"Highland Regiment, North Carolina",https://www.ncpedia.org/highland-regiment-north-carolina,1776-1783,n,"Morton, Patrick",,An article about the loyalist Highland Regiment from North Carolina during the American Revolution,encyclopedia article,"American loyalists--North Carolina; North Carolina--History--1775-1865; United States--History--Revolution, 1775-1783--British forces","Anson County, North Carolina; Cumberland County, North Carolina; Bladen County, North Carolina; Fayetteville, North Carolina; New York; Canada",,,NCpedia,Library of North Carolina,,,,"NCpedia content has been made available by contributors for personal educational use, consistent with provisions of fair use under copyright law. For any other uses, derivatives or republication requests, please contact the individual contributors or publishers.",https://www.ncpedia.org/writing-and-citing-ncpedia-articles,text,text/html,eng,,html,,,Read more about Revolutionary loyalist Highland regiment from North Carolina,76
am250_075,am250_091,Royal North Carolina Regiment,https://www.ncpedia.org/royal-north-carolina-regiment,1782-1783,n,"Troxler, Carole W.",,An article about the Royal North Carolina Regiment of the American Revolution,encyclopedia article,"American loyalists--North Carolina; North Carolina--History--1775-1865; United States--History--Revolution, 1775-1783--British forces","North Carolina; South Carolina; St. Augustine, Florida",,,NCpedia,Library of North Carolina,,,,"NCpedia content has been made available by contributors for personal educational use, consistent with provisions of fair use under copyright law. For any other uses, derivatives or republication requests, please contact the individual contributors or publishers.",https://www.ncpedia.org/writing-and-citing-ncpedia-articles,text,text/html,eng,,html,,,Read more about Revolutionary Royal North Carolina Regiment,59
am250_075,am250_092,Tory,https://www.ncpedia.org/tory,,,"Norris, David A.",,"An article about the meaning of the term Tory, primarly focusing on what it meant during the Revolutionary War",encyclopedia article,"American loyalists--North Carolina; North Carolina--History--1775-1865; North Carolina--History--Colonial period, ca. 1600-1775--Politics and government; United States--History--Revolution, 1775-1783",North Carolina,,,NCpedia,Library of North Carolina,,,,"NCpedia content has been made available by contributors for personal educational use, consistent with provisions of fair use under copyright law. For any other uses, derivatives or republication requests, please contact the individual contributors or publishers.",https://www.ncpedia.org/writing-and-citing-ncpedia-articles,text,text/html,eng,,html,,,Read more about what the term Tory meant during the American Revolution,71
am250_075,am250_093,Loyalists in North Carolina,https://www.ncpedia.org/loyalists,,,"Troxler, Carole W.; Morgan, Laura",,A multi-part article about Loyalists during the American Revolution,encyclopedia article,"American loyalists--North Carolina; North Carolina--History--1775-1865; UUnited States--History--Revolution, 1775-1783--British forces",North Carolina,,,NCpedia,Library of North Carolina,,,,"NCpedia content has been made available by contributors for personal educational use, consistent with provisions of fair use under copyright law. For any other uses, derivatives or republication requests, please contact the individual contributors or publishers.",https://www.ncpedia.org/writing-and-citing-ncpedia-articles,text,text/html,eng,,html,,,Read more about Loyalists in North Carolina during the American Revolution,74
,am250_094,Living history classroom: an educational service of the Tryon Palace Restoration,https://digital.ncdcr.gov/Documents/Detail/living-history-classroom-an-educational-service-of-the-tryon-palace-restoration-2006-fall/4383514?item=4412317,2006,n,Tryon Palace Commission,,A 2006 fall edition of a Tryon Palace Restoration newsletter focusing on the American Revolution,newsletter,"Tryon Palace (New Bern, N.C.)--Study and teaching--Periodicals; North Carolina--History--Colonial period, ca. 1600-1775--Study and teaching--Periodicals",North Carolina,,,"Tryon Palace Commission, Department of Natural and Cultural Resources",Library of North Carolina,,,,"Users are responsible for determining the legal status of and securing any permissions necessary to distribute, reproduce, or make other use of this item.",https://digital.ncdcr.gov/about#copyright-and-use-restrictions-simple-rich-text-area,text,text/html,eng,,pdf,,,Read more about American Revolution in Living History Classroom,63
,am250_095,"Constitution of the United States as Approved by North Carolina, 1789",https://digital.ncdcr.gov/Documents/Detail/constitution-of-the-united-states-as-approved-by-north-carolina-1789/788120,1789,n,United State Congress,,A copy of the U.S. Constitution approved by North Carolina in 1789,constitution,Law--North Carolina; Constitutions--United States; Constitutional conventions--United States; North Carolina--Politics and government--1775-1865; North Carolina--History--1775-1865; United States. Constitution. 1st-10th Amendments,North Carolina,,,"United States Congress, North Carolina General Assembly",State Archives of North Carolina,,,,"Users are responsible for determining the legal status of and securing any permissions necessary to distribute, reproduce, or make other use of this item.",https://digital.ncdcr.gov/about#copyright-and-use-restrictions-simple-rich-text-area,text,text/html,eng,,pdf,,,View a digital copy of the United State Constitution approved by North Carolina in 1789,87
,am250_096,"Declaration of Rights, 1776",https://digital.ncdcr.gov/Documents/Detail/declaration-of-rights-1776/787673,1776,n,North Carolina General Assembly,,"This document provided for the basic Revolutionary freedoms given to North Carolina citizens. It described the citizens rights to popular sovereignty, separation of powers, freedom of religion, and other basic concepts that is considered their natural rights.",declaration,Law--North Carolina; Constitutions--United States; Constitutional conventions--United States; North Carolina--Politics and government--1775-1863; North Carolina--History--1775-1865; Freedom of religion; Natural law; Sovreignty; Separation of powers,North Carolina,,,North Carolina General Assembly,State Archives of North Carolina,,,,"Users are responsible for determining the legal status of and securing any permissions necessary to distribute, reproduce, or make other use of this item.",https://digital.ncdcr.gov/about#copyright-and-use-restrictions-simple-rich-text-area,text,text/html,eng,,pdf,,,View a digital copy of the United State Constitution approved by North Carolina in 1789,87
,am250_097,America's Semiquincentennial Committee :report to the 2026 session of the 2025 General Assembly of North Carolina,https://digital.ncdcr.gov/Documents/Detail/americas-semiquincentennial-committee-report-to-the-2026-session-of-the-2025-general-assembly-of-north-carolina/6497012?item=6497067,2026,n,"America's Semiquincentennial Committee, North Carolina General Assembly",,"A report from the Semiquincentennial Committee to the General Assembly on March 16, 2026",report,"United States Semiquincentennial, 2026--North Carolina; United States--Centennial celebrations, etc.",North Carolina,,,North Carolina General Assembly,Library of North Carolina,,,,"Users are responsible for determining the legal status of and securing any permissions necessary to distribute, reproduce, or make other use of this item.",https://digital.ncdcr.gov/about#copyright-and-use-restrictions-simple-rich-text-area,text,text/html,eng,,pdf,,,"View the report from the Semiquincentennial Committee given on March 16, 2026",77
,am250_098,Swansboro Bicentennial bicycle trail,https://digital.ncdcr.gov/Documents/Detail/swansboro-bicentennial-bicycle-trail/5671202?item=5671212,1983,n,Swansboro Bicentennial Committee,,A pamphlet about a bicycle tour through Swansboro historic points,pamphlet,Cycling--North Carolina--Swansboro; Bicycle trails--North Carolina--Swansboro,"Swansboro, North Carolina",,,North Carolina Department of Transportation,Library of North Carolina,,,,"Users are responsible for determining the legal status of and securing any permissions necessary to distribute, reproduce, or make other use of this item.",https://digital.ncdcr.gov/about#copyright-and-use-restrictions-simple-rich-text-area,text,text/html,eng,,pdf,,,View the pamphlet of a historic bicycle tour through Swansboro,62
,am250_099,The Why of the American Revolution,https://digital.ncdcr.gov/Documents/Detail/tar-heel-junior-historian-1992-fall-v.32-no.1/3700401?item=5368391,1992,n,"Price, William S., Jr.",,An article from the Tar Heel Junior Historian about the American Revolution,newsletter article,"North Carolina--History--Periodicals; North Carolina--History--Societies, etc.--Periodicals",North Carolina,,,"North Carolina Museum of History, Tar Heel Junior Historian Association",Library of North Carolina,,,,"Users are responsible for determining the legal status of and securing any permissions necessary to distribute, reproduce, or make other use of this item.",https://digital.ncdcr.gov/about#copyright-and-use-restrictions-simple-rich-text-area,text,text/html,eng,,pdf,,,Read an article about why the Amerian Revolution happened,57
,am250_100,Tar Heel Junior Historian: Independence and Early Statehood,https://digital.ncdcr.gov/Documents/Detail/tar-heel-junior-historian-1971-december-v.11-no.2/3704556?item=4498064,1971,n,Tar Heel Junior Historian Association; North Carolina Museum of History,,An edition of the NC Tar Heel Junior Historian focused on the American Revolution,magazine,"North Carolina--History--Periodicals; North Carolina--History--Societies, etc.--Periodicals",North Carolina,,,"North Carolina Museum of History, Tar Heel Junior Historian Association",Library of North Carolina,,,,"Users are responsible for determining the legal status of and securing any permissions necessary to distribute, reproduce, or make other use of this item.",https://digital.ncdcr.gov/about#copyright-and-use-restrictions-simple-rich-text-area,text,text/html,eng,,pdf,,,Read articles in the December 1971 Tar Heel Junior Historian about the American Revolution,90
,am250_101,"""The American Revolution"" in Highland Scots of North Carolina",https://digital.ncdcr.gov/Documents/Detail/highland-scots-of-north-carolina/3692100?item=5356845,1963,n,"Carolina Charter Tercentenary Commission, Department of Natural and Cultural Resources",,A chapter on the American Revolution in Highland Scots of North Carolina,book,Scotland--Emigration and immigration--History; American loyalists; American loyalists--North Carolina; Scots--North Carolina--History,North Carolina; Scotland,,,North Carolina Department of Natural and Cultural Resources,Library of North Carolina,,,,"Users are responsible for determining the legal status of and securing any permissions necessary to distribute, reproduce, or make other use of this item.",https://digital.ncdcr.gov/about#copyright-and-use-restrictions-simple-rich-text-area,text,text/html,eng,,pdf,,,Read the chapter about the American Revolution from Highland Scots of North Carolina,84
,am250_102,"America 250 NC, to be rather than to seem: planning guide for the 250th anniversary of the United States and North Carolina",https://digital.ncdcr.gov/Documents/Detail/america-250-nc-to-be-rather-than-to-seem-planning-guide-for-the-250th-anniversary-of-the-united-states-and-north-carolina/5799837?item=5799950,2023,n,North Carolina Department of Natural and Cultural Resources,,The planning guide for North Carolina's American 250 celebration,guide,Scotland--Emigration and immigration--History; American loyalists; American loyalists--North Carolina; Scots--North Carolina--History,North Carolina,,,North Carolina Department of Natural and Cultural Resources,Library of North Carolina,,,,"Users are responsible for determining the legal status of and securing any permissions necessary to distribute, reproduce, or make other use of this item.",https://digital.ncdcr.gov/about#copyright-and-use-restrictions-simple-rich-text-area,text,text/html,eng,,pdf,,,View the planning guide for North Carolina's celebration of America 250,71
,,,,,,,,,,,,,,,,,,,,,,,,,,,,,0
,,,,,,,,,,,,,,,,,,,,,,,,,,,,,0
,,,,,,,,,,,,,,,,,,,,,,,,,,,,,0
,,,,,,,,,,,,,,,,,,,,,,,,,,,,,0
,,,,,,,,,,,,,,,,,,,,,,,,,,,,,0
,,,,,,,,,,,,,,,,,,,,,,,,,,,,,0
,,,,,,,,,,,,,,,,,,,,,,,,,,,,,0
,,,,,,,,,,,,,,,,,,,,,,,,,,,,,0
,,,,,,,,,,,,,,,,,,,,,,,,,,,,,0
,,,,,,,,,,,,,,,,,,,,,,,,,,,,,0
,,,,,,,,,,,,,,,,,,,,,,,,,,,,,0
,,,,,,,,,,,,,,,,,,,,,,,,,,,,,0
,,,,,,,,,,,,,,,,,,,,,,,,,,,,,0
,,,,,,,,,,,,,,,,,,,,,,,,,,,,,0
,,,,,,,,,,,,,,,,,,,,,,,,,,,,,0
,,,,,,,,,,,,,,,,,,,,,,,,,,,,,0
,,,,,,,,,,,,,,,,,,,,,,,,,,,,,0
,,,,,,,,,,,,,,,,,,,,,,,,,,,,,0
,,,,,,,,,,,,,,,,,,,,,,,,,,,,,0
,,,,,,,,,,,,,,,,,,,,,,,,,,,,,0
,,,,,,,,,,,,,,,,,,,,,,,,,,,,,0
,,,,,,,,,,,,,,,,,,,,,,,,,,,,,0
,,,,,,,,,,,,,,,,,,,,,,,,,,,,,0
,,,,,,,,,,,,,,,,,,,,,,,,,,,,,0
,,,,,,,,,,,,,,,,,,,,,,,,,,,,,0
,,,,,,,,,,,,,,,,,,,,,,,,,,,,,0
,,,,,,,,,,,,,,,,,,,,,,,,,,,,,0
,,,,,,,,,,,,,,,,,,,,,,,,,,,,,0
,,,,,,,,,,,,,,,,,,,,,,,,,,,,,0
,,,,,,,,,,,,,,,,,,,,,,,,,,,,,0
,,,,,,,,,,,,,,,,,,,,,,,,,,,,,0
,,,,,,,,,,,,,,,,,,,,,,,,,,,,,0
,,,,,,,,,,,,,,,,,,,,,,,,,,,,,0
,,,,,,,,,,,,,,,,,,,,,,,,,,,,,0
,,,,,,,,,,,,,,,,,,,,,,,,,,,,,0
,,,,,,,,,,,,,,,,,,,,,,,,,,,,,0
,,,,,,,,,,,,,,,,,,,,,,,,,,,,,0
,,,,,,,,,,,,,,,,,,,,,,,,,,,,,0
,,,,,,,,,,,,,,,,,,,,,,,,,,,,,0
,,,,,,,,,,,,,,,,,,,,,,,,,,,,,0
,,,,,,,,,,,,,,,,,,,,,,,,,,,,,0
,,,,,,,,,,,,,,,,,,,,,,,,,,,,,0
,,,,,,,,,,,,,,,,,,,,,,,,,,,,,0
,,,,,,,,,,,,,,,,,,,,,,,,,,,,,0